{
  "Z-score": {
    "auroc": 0.6087359999999999,
    "scores_mean": 0.29452706744521856
  },
  "Isolation Forest": {
    "auroc": 0.658784,
    "scores_mean": 0.47074637755833704
  },
  "ARIMA": {
    "auroc": 0.613096,
    "scores_mean": 0.12521151002476644
  },
  "AquaSSM-only": {
    "auroc": 0.49171800000000004,
    "scores_mean": 0.4174891710281372
  },
  "SENTINEL": {
    "auroc": 0.494966,
    "scores_mean": 0.05924722237512469
  },
  "_meta": {
    "n_total": 1000,
    "n_normal": 500,
    "n_anomalous": 500,
    "window_len": 128,
    "data_source": "/home/bcheng/SENTINEL/data/raw/neon_aquatic/neon_DP1.20288.001_consolidated.parquet",
    "label_method": "threshold_exceedance",
    "elapsed_seconds": 235.10973525047302
  }
}