{
  "n_eval": 800,
  "n_modalities_available": 4,
  "modalities": [
    "sensor",
    "satellite",
    "microbial",
    "behavioral"
  ],
  "per_combo": {
    "fusion_sensor": {
      "modalities": [
        "sensor"
      ],
      "n_modalities": 1,
      "method": "fusion",
      "auroc": 0.6275375,
      "mean_prob": 0.5390010476112366,
      "std_prob": 0.0203325804322958
    },
    "fusion_satellite": {
      "modalities": [
        "satellite"
      ],
      "n_modalities": 1,
      "method": "fusion",
      "auroc": 0.49878125,
      "mean_prob": 0.5023149251937866,
      "std_prob": 0.0001348905061604455
    },
    "fusion_microbial": {
      "modalities": [
        "microbial"
      ],
      "n_modalities": 1,
      "method": "fusion",
      "auroc": 0.5130750000000001,
      "mean_prob": 0.5428912043571472,
      "std_prob": 0.03489150106906891
    },
    "fusion_behavioral": {
      "modalities": [
        "behavioral"
      ],
      "n_modalities": 1,
      "method": "fusion",
      "auroc": 0.3967062499999999,
      "mean_prob": 0.5065315961837769,
      "std_prob": 0.0006835712702013552
    },
    "fusion_sensor+satellite": {
      "modalities": [
        "sensor",
        "satellite"
      ],
      "n_modalities": 2,
      "method": "fusion",
      "auroc": 0.6159562500000001,
      "mean_prob": 0.5202115774154663,
      "std_prob": 0.007949351333081722
    },
    "fusion_sensor+microbial": {
      "modalities": [
        "sensor",
        "microbial"
      ],
      "n_modalities": 2,
      "method": "fusion",
      "auroc": 0.5737937500000001,
      "mean_prob": 0.5426408648490906,
      "std_prob": 0.022497044876217842
    },
    "fusion_sensor+behavioral": {
      "modalities": [
        "sensor",
        "behavioral"
      ],
      "n_modalities": 2,
      "method": "fusion",
      "auroc": 0.61155,
      "mean_prob": 0.5189083218574524,
      "std_prob": 0.006050761789083481
    },
    "fusion_satellite+microbial": {
      "modalities": [
        "satellite",
        "microbial"
      ],
      "n_modalities": 2,
      "method": "fusion",
      "auroc": 0.4817,
      "mean_prob": 0.5242401361465454,
      "std_prob": 0.013375284150242805
    },
    "fusion_satellite+behavioral": {
      "modalities": [
        "satellite",
        "behavioral"
      ],
      "n_modalities": 2,
      "method": "fusion",
      "auroc": 0.401459375,
      "mean_prob": 0.5062671303749084,
      "std_prob": 0.00030926885665394366
    },
    "fusion_microbial+behavioral": {
      "modalities": [
        "microbial",
        "behavioral"
      ],
      "n_modalities": 2,
      "method": "fusion",
      "auroc": 0.5102875,
      "mean_prob": 0.5213238596916199,
      "std_prob": 0.01196467038244009
    },
    "fusion_sensor+satellite+microbial": {
      "modalities": [
        "sensor",
        "satellite",
        "microbial"
      ],
      "n_modalities": 3,
      "method": "fusion",
      "auroc": 0.56944375,
      "mean_prob": 0.5330526828765869,
      "std_prob": 0.012608610093593597
    },
    "fusion_sensor+satellite+behavioral": {
      "modalities": [
        "sensor",
        "satellite",
        "behavioral"
      ],
      "n_modalities": 3,
      "method": "fusion",
      "auroc": 0.608090625,
      "mean_prob": 0.5159721970558167,
      "std_prob": 0.004056941717863083
    },
    "fusion_sensor+microbial+behavioral": {
      "modalities": [
        "sensor",
        "microbial",
        "behavioral"
      ],
      "n_modalities": 3,
      "method": "fusion",
      "auroc": 0.5831,
      "mean_prob": 0.5258177518844604,
      "std_prob": 0.010111049748957157
    },
    "fusion_satellite+microbial+behavioral": {
      "modalities": [
        "satellite",
        "microbial",
        "behavioral"
      ],
      "n_modalities": 3,
      "method": "fusion",
      "auroc": 0.485809375,
      "mean_prob": 0.5172907114028931,
      "std_prob": 0.006714284885674715
    },
    "fusion_sensor+satellite+microbial+behavioral": {
      "modalities": [
        "sensor",
        "satellite",
        "microbial",
        "behavioral"
      ],
      "n_modalities": 4,
      "method": "fusion",
      "auroc": 0.5755312499999999,
      "mean_prob": 0.5238385200500488,
      "std_prob": 0.007015416398644447
    }
  },
  "marginal_modality_gains": {
    "satellite": -0.011581249999999876,
    "microbial": -0.05374374999999987,
    "behavioral": -0.015987499999999932
  },
  "critique_addressed": "Proper multi-modal fusion test with real embeddings and EPA-proxy labels. Tests all modality subsets to show information gain from each additional modality.",
  "elapsed_s": 0.8
}