{
  "modalities": [
    "satellite",
    "sensor",
    "microbial",
    "behavioral"
  ],
  "cka_matrix": [
    [
      1.0,
      0.009713348642926445,
      0.016310738066424472,
      0.010458050723278425
    ],
    [
      0.009713348642926445,
      1.0,
      0.008211206200531243,
      0.06498273861408084
    ],
    [
      0.016310738066424472,
      0.008211206200531243,
      1.0,
      0.007876104652487554
    ],
    [
      0.010458050723278425,
      0.06498273861408084,
      0.007876104652487554,
      1.0
    ]
  ],
  "mnn_matrix": [
    [
      1.0,
      0.002,
      0.002,
      0.002
    ],
    [
      0.002,
      1.0,
      0.018,
      0.004
    ],
    [
      0.002,
      0.018,
      1.0,
      0.002
    ],
    [
      0.002,
      0.004,
      0.002,
      1.0
    ]
  ],
  "within_cosine_similarity": {
    "satellite": {
      "mean": 0.9986391067504883,
      "std": 0.0003543981001712382
    },
    "sensor": {
      "mean": 0.7582361102104187,
      "std": 0.17545528709888458
    },
    "microbial": {
      "mean": 0.18174535036087036,
      "std": 0.2688184380531311
    },
    "behavioral": {
      "mean": 0.9957104921340942,
      "std": 0.008372040465474129
    }
  },
  "between_cosine_similarity": {
    "satellite_vs_sensor": {
      "mean": 0.06247207522392273,
      "std": 0.02695467323064804
    },
    "satellite_vs_microbial": {
      "mean": -0.017562417313456535,
      "std": 0.055530332028865814
    },
    "satellite_vs_behavioral": {
      "mean": 0.10381200909614563,
      "std": 0.004255172796547413
    },
    "sensor_vs_microbial": {
      "mean": -0.012947692535817623,
      "std": 0.06437559425830841
    },
    "sensor_vs_behavioral": {
      "mean": 0.08330346643924713,
      "std": 0.018797485157847404
    },
    "microbial_vs_behavioral": {
      "mean": -0.004141738172620535,
      "std": 0.04887443408370018
    }
  },
  "norm_stats": {
    "satellite": {
      "mean": 1.0,
      "std": 2.2774901964339733e-08,
      "min": 0.9999999403953552,
      "max": 1.0000001192092896,
      "n_embeddings": 2000,
      "embedding_dim": 256
    },
    "sensor": {
      "mean": 1.0,
      "std": 3.150224259229617e-08,
      "min": 0.9999998807907104,
      "max": 1.0000001192092896,
      "n_embeddings": 3000,
      "embedding_dim": 256
    },
    "microbial": {
      "mean": 1.0,
      "std": 2.4921595453974987e-08,
      "min": 0.9999998807907104,
      "max": 1.0000001192092896,
      "n_embeddings": 1390,
      "embedding_dim": 256
    },
    "behavioral": {
      "mean": 1.0,
      "std": 2.3516783187460533e-08,
      "min": 0.9999998807907104,
      "max": 1.0000001192092896,
      "n_embeddings": 3000,
      "embedding_dim": 256
    }
  },
  "elapsed_s": 13.9
}