{
  "modalities": [
    "sensor",
    "satellite",
    "microbial",
    "behavioral"
  ],
  "n_alignment_pairs": 6,
  "baseline_cka": {
    "sensor_satellite": 0.005088938865810633,
    "sensor_microbial": 0.005996241234242916,
    "sensor_behavioral": 0.06842867285013199,
    "satellite_microbial": 0.016100160777568817,
    "satellite_behavioral": 0.0056827557273209095,
    "microbial_behavioral": 0.002376185031607747
  },
  "post_alignment_cka": {
    "sensor_satellite": 0.004739541560411453,
    "sensor_microbial": 0.25444018840789795,
    "sensor_behavioral": 0.21171718835830688,
    "satellite_microbial": 0.020516354590654373,
    "satellite_behavioral": 0.017088988795876503,
    "microbial_behavioral": 0.22719888389110565
  },
  "improvements": {
    "sensor_behavioral": {
      "before": 0.06842867285013199,
      "after": 0.21171718835830688,
      "improvement": 0.1432885155081749,
      "relative_gain_pct": 209.39832470836245
    },
    "satellite_behavioral": {
      "before": 0.0056827557273209095,
      "after": 0.017088988795876503,
      "improvement": 0.011406233068555593,
      "relative_gain_pct": 200.716228960805
    },
    "sensor_microbial": {
      "before": 0.005996241234242916,
      "after": 0.25444018840789795,
      "improvement": 0.24844394717365503,
      "relative_gain_pct": 4143.321176318648
    },
    "sensor_satellite": {
      "before": 0.005088938865810633,
      "after": 0.004739541560411453,
      "improvement": -0.00034939730539917946,
      "relative_gain_pct": -6.865804994555059
    },
    "satellite_microbial": {
      "before": 0.016100160777568817,
      "after": 0.020516354590654373,
      "improvement": 0.004416193813085556,
      "relative_gain_pct": 27.42948428372147
    },
    "microbial_behavioral": {
      "before": 0.002376185031607747,
      "after": 0.22719888389110565,
      "improvement": 0.2248226988594979,
      "relative_gain_pct": 9461.458166057253
    }
  },
  "training_histories": {
    "sensor_satellite": [
      5.718251049518585,
      5.53004515171051,
      5.520168483257294,
      5.520115792751312,
      5.519419312477112,
      5.519368410110474,
      5.519273042678833,
      5.519250869750977,
      5.519233763217926,
      5.519225716590881,
      5.519222259521484,
      5.519220232963562,
      5.519217789173126,
      5.519216001033783,
      5.519214332103729,
      5.51921272277832,
      5.519211411476135,
      5.519209861755371,
      5.519209623336792,
      5.519207298755646,
      5.5192055106163025,
      5.51920360326767,
      5.519201993942261,
      5.5192007422447205,
      5.519197702407837,
      5.519196569919586,
      5.519195973873138,
      5.519192159175873,
      5.519190788269043,
      5.519188761711121,
      5.519187033176422,
      5.519184827804565,
      5.519182324409485,
      5.519181609153748,
      5.519175589084625,
      5.519174873828888,
      5.519172310829163,
      5.519169807434082,
      5.51916629076004,
      5.51916366815567,
      5.519161403179169,
      5.5191545486450195,
      5.5191527009010315,
      5.519148647785187,
      5.51914244890213,
      5.519139468669891,
      5.519137024879456,
      5.519129931926727,
      5.51912534236908,
      5.519118964672089
    ],
    "sensor_microbial": [
      5.660347998142242,
      5.528691232204437,
      5.514581739902496,
      5.50884473323822,
      5.503202021121979,
      5.496731340885162,
      5.489012598991394,
      5.477813422679901,
      5.46630984544754,
      5.442876219749451,
      5.414634466171265,
      5.389376640319824,
      5.383979260921478,
      5.350194692611694,
      5.293018937110901,
      5.268723130226135,
      5.196196556091309,
      5.167964518070221,
      5.134994745254517,
      5.057730853557587,
      4.9902361035346985,
      4.932418763637543,
      4.9061285853385925,
      4.839464426040649,
      4.758971691131592,
      4.713135242462158,
      4.639692485332489,
      4.596171677112579,
      4.524490714073181,
      4.467036962509155,
      4.4091426730155945,
      4.370140492916107,
      4.342211425304413,
      4.251601278781891,
      4.178673326969147,
      4.186510860919952,
      4.1283765733242035,
      4.079904109239578,
      3.988367974758148,
      3.938170075416565,
      3.8796344697475433,
      3.8605578243732452,
      3.797367125749588,
      3.779621422290802,
      3.7482325434684753,
      3.7145442962646484,
      3.6704920828342438,
      3.6270625591278076,
      3.5864175260066986,
      3.546892464160919
    ],
    "sensor_behavioral": [
      5.6348559856414795,
      5.526453077793121,
      5.519397795200348,
      5.5191619992256165,
      5.51836884021759,
      5.517953872680664,
      5.51719069480896,
      5.515851080417633,
      5.512976348400116,
      5.504378437995911,
      5.46212637424469,
      5.392558217048645,
      5.333376049995422,
      5.288796603679657,
      5.280428528785706,
      5.258981883525848,
      5.235889256000519,
      5.218055784702301,
      5.203488230705261,
      5.185447454452515,
      5.168373644351959,
      5.169431030750275,
      5.194490134716034,
      5.1723262667655945,
      5.142524480819702,
      5.130885124206543,
      5.143450558185577,
      5.1238032579422,
      5.1041706800460815,
      5.090494394302368,
      5.108102560043335,
      5.088144898414612,
      5.076370120048523,
      5.070177793502808,
      5.064894199371338,
      5.122889697551727,
      5.141416311264038,
      5.121397435665131,
      5.077407658100128,
      5.053047358989716,
      5.056540906429291,
      5.059246599674225,
      5.07377153635025,
      5.043140232563019,
      5.0781548619270325,
      5.072994828224182,
      5.0475422739982605,
      5.058959543704987,
      5.028070628643036,
      5.021232724189758
    ],
    "satellite_microbial": [
      5.730066359043121,
      5.544112265110016,
      5.524746835231781,
      5.521555602550507,
      5.520345330238342,
      5.519559323787689,
      5.519356846809387,
      5.519186198711395,
      5.519108295440674,
      5.519043743610382,
      5.518995761871338,
      5.518937826156616,
      5.51889580488205,
      5.518841445446014,
      5.5187771916389465,
      5.518743872642517,
      5.518675148487091,
      5.518613219261169,
      5.51854932308197,
      5.51847380399704,
      5.518386602401733,
      5.51827746629715,
      5.518188655376434,
      5.518053412437439,
      5.517905592918396,
      5.5177658796310425,
      5.5175957679748535,
      5.51728481054306,
      5.5169878005981445,
      5.5165703892707825,
      5.516028702259064,
      5.515326678752899,
      5.514284670352936,
      5.512747883796692,
      5.510490000247955,
      5.510277628898621,
      5.504988789558411,
      5.517389118671417,
      5.519485652446747,
      5.5126954317092896,
      5.508487641811371,
      5.502637326717377,
      5.487455785274506,
      5.529972314834595,
      5.517775535583496,
      5.513202011585236,
      5.510006427764893,
      5.507001340389252,
      5.501999497413635,
      5.494514286518097
    ],