{
  "model": "ARGPredictor",
  "n_params": 6872441,
  "input_type": "otu",
  "train_size": 400,
  "val_size": 80,
  "test_size": 80,
  "best_epoch": 1,
  "test_metrics": {
    "loss": 1237.1839782714844,
    "overall_r2": -0.00791148543346143,
    "per_arg_r2": {
      "mcr-1": -0.022109870946128707,
      "blaNDM": -0.0009681446980498443,
      "vanA": -0.07994989104942873,
      "mecA": -3.2168553817157886e-05,
      "tetM": -0.01844850043739532,
      "sul1": 0.0038556237255307213,
      "qnrS": -0.0009137657395625887,
      "ermB": -0.023950459705603055
    },
    "per_arg_mae": {
      "mcr-1": 5.114666938781738,
      "blaNDM": 4.7317705154418945,
      "vanA": 3.125464677810669,
      "mecA": 3.2676894664764404,
      "tetM": 14.118844985961914,
      "sul1": 4.010654449462891,
      "qnrS": 3.4240212440490723,
      "ermB": 4.408346176147461
    },
    "mean_burden": 90.4375,
    "burden_std": 1.484375
  }
}