{
  "model": "ClimateCoupling (Encoder + SeasonalPrior + Modulator)",
  "n_params_encoder": 308672,
  "n_params_seasonal_prior": 70,
  "n_params_modulator": 155530,
  "n_params_total": 464272,
  "train_size": 13276,
  "val_size": 1173,
  "test_size": 749,
  "climate_window_days": 30,
  "num_climate_vars": 8,
  "phase1_best_epoch": 26,
  "phase1_test_metrics": {
    "loss": 302.3762000915364,
    "r2": 0.09930090162463445,
    "mae": 3.6778430938720703,
    "per_var_mae": [
      1.5622479915618896,
      0.4813459813594818,
      0.17019136250019073,
      0.01723666861653328,
      0.7968482971191406,
      2.9044454097747803,
      0.5071942210197449,
      20.414365768432617,
      0.47788122296333313,
      9.446673393249512
    ]
  },
  "phase2_best_epoch": 30,
  "phase2_test_metrics": {
    "loss": 302.94656510601374,
    "r2": 0.09760204733467193,
    "mae": 3.6629419326782227,
    "per_var_mae": [
      1.5069078207015991,
      0.44648274779319763,
      0.16616399586200714,
      0.01721765659749508,
      0.8086556196212769,
      2.705397844314575,
      0.35972145199775696,
      20.423791885375977,
      0.4176507890224457,
      9.77743148803711
    ]
  },
  "climate_variables": [
    "precipitation",
    "air_temperature",
    "solar_radiation",
    "wind_speed",
    "relative_humidity",
    "soil_moisture",
    "snow_water_equivalent",
    "evapotranspiration"
  ],
  "state_variables": [
    "dissolved_oxygen",
    "bod",
    "total_nitrogen",
    "total_phosphorus",
    "chlorophyll_a",
    "temperature",
    "ph",
    "turbidity",
    "doc",
    "sediment"
  ]
}