{
  "model": "SentinelSpeciesHealthIndex",
  "data_source": "USGS BioData (real biological surveys)",
  "synthetic_data": false,
  "n_params": 797591,
  "train_size": 3774,
  "val_size": 1096,
  "test_size": 592,
  "best_epoch": 129,
  "test_metrics": {
    "loss": 0.3122702097973308,
    "health_r2": 0.9995507135053653,
    "health_mae": 0.14105983078479767,
    "occ_accuracy": 0.9988738894462585,
    "per_species_mae": [
      0.12201497703790665,
      0.5580967664718628,
      0.05701141059398651,
      1.0965366756026764e-24,
      6.161349401383787e-19,
      0.10923583805561066
    ]
  },
  "species_names": [
    "Freshwater mussels (Unionidae)",
    "Mayflies (Ephemeroptera)",
    "Brook trout (Salvelinus fontinalis)",
    "Hellbender (Cryptobranchus alleganiensis)",
    "Freshwater pearl mussel (Margaritifera margaritifera)",
    "American eel (Anguilla rostrata)"
  ],
  "n_invertebrate_records": 384885,
  "n_fish_records": 16242
}