{
  "model": "WaterDroneNet",
  "description": "SENTINEL Mini \u2014 drone imagery to water quality",
  "input": "Sentinel-2 RGB+NIR (4ch, 224x224)",
  "n_params": 21922562,
  "train_size": 8659,
  "val_size": 1477,
  "test_size": 1864,
  "best_epoch": 34,
  "best_val_score": -0.2358323574066162,
  "targets": [
    "DO",
    "pH",
    "Turb",
    "Temp",
    "SpCond"
  ],
  "holdout": {
    "type": "spatial",
    "train": "70% of stations",
    "val": "15% of stations",
    "test": "15% of stations (geographically unseen)"
  },
  "test_metrics": {
    "per_target": {
      "DO": {
        "r2": 0.2569170594215393,
        "mae": 1.7482216358184814,
        "rmse": 2.448359251022339,
        "coverage_90pct": 0.8140954495005549,
        "n_valid": 1802
      },
      "pH": {
        "r2": 0.12428385019302368,
        "mae": 0.3574221730232239,
        "rmse": 0.4384489357471466,
        "coverage_90pct": 0.8810082063305978,
        "n_valid": 1706
      },
      "Turb": {
        "r2": -0.027483224868774414,
        "mae": 10.066143989562988,
        "rmse": 25.784929275512695,
        "coverage_90pct": 0.9234567901234568,
        "n_valid": 1215
      },
      "Temp": {
        "r2": 0.507554292678833,
        "mae": 3.8911073207855225,
        "rmse": 5.1089982986450195,
        "coverage_90pct": 0.8627768773635872,
        "n_valid": 1851
      },
      "SpCond": {
        "r2": -0.951056957244873,
        "mae": 2245.51318359375,
        "rmse": 7369.86669921875,
        "coverage_90pct": 0.9083885209713024,
        "n_valid": 1812
      }
    },
    "nll": 3.08469557762146,
    "n_samples": 1864
  },
  "training_config": {
    "epochs": 100,
    "batch_size": 64,
    "lr": 5e-05,
    "backbone": "vit_small_patch16_224 (ImageNet, 4ch adapted)",
    "pretrain_epochs": 20,
    "loss": "gaussian_nll + mae + calibration + trust"
  },
  "target_normalisation": {
    "DO": {
      "mean": 8.708805084228516,
      "std": 2.7068967819213867
    },
    "pH": {
      "mean": 7.512340545654297,
      "std": 0.5133036375045776
    },
    "Turb": {
      "mean": 12.323386192321777,
      "std": 30.80528450012207
    },
    "Temp": {
      "mean": 16.358373641967773,
      "std": 7.6091084480285645
    },
    "SpCond": {
      "mean": 2691.841064453125,
      "std": 8649.6962890625
    }
  }
}