{
  "attention_summary": {
    "satellite": {
      "mean": 0.48881096655038603,
      "std": 0.10229246110227913,
      "max": 0.5875076210617903,
      "min": 1.3486563935032277e-08
    },
    "sensor": {
      "mean": 0.3448419323312417,
      "std": 0.10645053022902529,
      "max": 0.9999999370429333,
      "min": 0.1978283503518858
    },
    "microbial": {
      "mean": 3.473756858915351e-09,
      "std": 2.647876880402544e-09,
      "max": 3.8909421903094054e-08,
      "min": 2.463804251634972e-09
    },
    "molecular": {
      "mean": 7.375238517985104e-09,
      "std": 1.8553968467920638e-09,
      "max": 2.664637242472067e-08,
      "min": 5.272593875668907e-09
    },
    "behavioral": {
      "mean": 0.16634709026937677,
      "std": 0.13346692352630934,
      "max": 0.6322766720228675,
      "min": 1.685413302727527e-08
    }
  },
  "perturbation_importance": {
    "sensor": 0.026293106712400913,
    "satellite": 0.0003105819970369339,
    "behavioral": 0.0027414111047983167,
    "microbial": 0.0,
    "molecular": 0.0
  },
  "baseline_anomaly_prob_mean": 0.05782151971012354,
  "n_temporal_steps": 200,
  "n_perturbation_samples": 100,
  "elapsed_seconds": 21.0
}