{
  "importance": {
    "sensor": 0.026293106712400913,
    "satellite": 0.0003105819970369339,
    "behavioral": 0.0027414111047983167,
    "microbial": 0.0,
    "molecular": 0.0
  },
  "baseline_anomaly_prob_mean": 0.05782151971012354,
  "baseline_anomaly_prob_std": 0.0035332169167704344,
  "n_samples": 100
}